{"cameraMode":{"drawMode":0,"name":"Shaded","section":"Shading Mode"},"sceneLighting":true,"audioPlay":false,"sceneViewState":{"m_AlwaysRefresh":false,"showFog":true,"showSkybox":true,"showFlares":true,"showImageEffects":true,"showParticleSystems":true,"showVisualEffectGraphs":true,"m_FxEnabled":true},"in2DMode":false,"pivot":{"x":-0.9182127714157105,"y":0.636810302734375,"z":-2.649390697479248},"rotation":{"x":-0.23680143058300019,"y":-0.11826232820749283,"z":0.029102519154548646,"w":-0.9639191627502441},"size":1.8925225734710694,"orthographic":false}